{
	"name": "Background",
	"plugin-id": "Sprite",
	"sid": 685018575042917,
	"isGlobal": false,
	"instanceVariables": [],
	"behaviorTypes": [],
	"effectTypes": [
		{
			"effectId": "toon",
			"name": "Toon"
		}
	],
	"animations": {
		"items": [
			{
				"frames": [
					{
						"width": 1260,
						"height": 710,
						"originX": 0.5,
						"originY": 0.5,
						"originalSource": "C:\\Users\\Sheku\\Desktop\\Game Development\\2D\\Project-Food-master\\Project-Food-Changed-Angles-and-Sprites\\images\\tumblr_mzowiiJo9n1s2b58zo3_1280.jpg",
						"exportFormat": "png",
						"exportQuality": 0.8,
						"imageSpriteId": 5519399,
						"collisionPoly": {
							"points": [
								0,
								0,
								0.5,
								0,
								0.9992063492063492,
								0,
								0.9992063492063492,
								0.5,
								0.9992063492063492,
								0.9985915492957746,
								0.5,
								0.9985915492957746,
								0,
								0.9985915492957746,
								0,
								0.5
							]
						},
						"useCollisionPoly": true,
						"duration": 1
					}
				],
				"sid": 952525025775433,
				"name": "Animation 1",
				"isLooping": false,
				"isPingPong": false,
				"repeatCount": 1,
				"repeatTo": 0,
				"speed": 5
			}
		],
		"subfolders": []
	}
}