{
	"name": "Ball",
	"plugin-id": "Sprite",
	"sid": 278273920813475,
	"isGlobal": false,
	"instanceVariables": [],
	"behaviorTypes": [
		{
			"behaviorId": "solid",
			"name": "Solid",
			"sid": 747824612212246
		},
		{
			"behaviorId": "Bullet",
			"name": "Bullet",
			"sid": 764746689271627
		},
		{
			"behaviorId": "bound",
			"name": "BoundToLayout",
			"sid": 479627289160121
		}
	],
	"effectTypes": [],
	"animations": {
		"items": [
			{
				"frames": [
					{
						"width": 121,
						"height": 119,
						"originX": 0.5001493577616251,
						"originY": 0.4369070208728653,
						"originalSource": "C:\\Users\\Sheku\\Desktop\\Game Development\\2D\\Project-Food-master\\Project-Food-Changed-Angles-and-Sprites\\images\\Pizza.png",
						"exportFormat": "png",
						"exportQuality": 0.8,
						"imageSpriteId": 4232804,
						"collisionPoly": {
							"points": [
								0.6124166085830935,
								0,
								1,
								0.21428571428571463,
								1,
								0.7164543236649505,
								0.8470742474028338,
								0.9495798319327736,
								0.4243917820040487,
								1,
								0,
								0.9516129032258056,
								0,
								0.5439821089726207,
								0.03925619834710756,
								0.06722689075630216
							]
						},
						"useCollisionPoly": true,
						"duration": 1
					}
				],
				"sid": 127683739686205,
				"name": "Animation 1",
				"isLooping": false,
				"isPingPong": false,
				"repeatCount": 1,
				"repeatTo": 0,
				"speed": 5
			}
		],
		"subfolders": []
	}
}