{
	"name": "Sprite5",
	"plugin-id": "Sprite",
	"sid": 232263208864346,
	"isGlobal": false,
	"instanceVariables": [],
	"behaviorTypes": [],
	"effectTypes": [],
	"animations": {
		"items": [
			{
				"frames": [
					{
						"width": 250,
						"height": 250,
						"originX": 0.5,
						"originY": 0.5,
						"originalSource": "",
						"exportFormat": "png",
						"exportQuality": 0.8,
						"imageSpriteId": 3320089,
						"collisionPoly": {
							"points": [
								0.4,
								0.4,
								0.5,
								0.336,
								0.556,
								0.44,
								0.54,
								0.5,
								0.504,
								0.504,
								0.5,
								0.504,
								0.492,
								0.504,
								0.42,
								0.5
							]
						},
						"useCollisionPoly": true,
						"duration": 1
					}
				],
				"sid": 236435933117404,
				"name": "Animation 1",
				"isLooping": false,
				"isPingPong": false,
				"repeatCount": 1,
				"repeatTo": 0,
				"speed": 5
			}
		],
		"subfolders": []
	}
}