{
	"name": "Sprite4",
	"plugin-id": "Sprite",
	"sid": 724236954169944,
	"isGlobal": false,
	"instanceVariables": [],
	"behaviorTypes": [],
	"effectTypes": [],
	"animations": {
		"items": [
			{
				"frames": [
					{
						"width": 250,
						"height": 250,
						"originX": 0.5,
						"originY": 0.5,
						"originalSource": "",
						"exportFormat": "png",
						"exportQuality": 0.8,
						"imageSpriteId": 1853437,
						"collisionPoly": {
							"points": [
								0.376,
								0.376,
								0.5,
								0.404,
								0.58,
								0.416,
								0.456,
								0.456,
								0.5,
								0.444,
								0.564,
								0.432
							]
						},
						"useCollisionPoly": true,
						"duration": 1
					}
				],
				"sid": 228932699368462,
				"name": "Animation 1",
				"isLooping": false,
				"isPingPong": false,
				"repeatCount": 1,
				"repeatTo": 0,
				"speed": 5
			}
		],
		"subfolders": []
	}
}