{
	"name": "Sprite2",
	"plugin-id": "Sprite",
	"sid": 887871830053441,
	"isGlobal": false,
	"instanceVariables": [],
	"behaviorTypes": [],
	"effectTypes": [],
	"animations": {
		"items": [
			{
				"frames": [
					{
						"width": 250,
						"height": 250,
						"originX": 0.5,
						"originY": 0.5,
						"originalSource": "",
						"exportFormat": "png",
						"exportQuality": 0.8,
						"imageSpriteId": 4313628,
						"collisionPoly": {
							"points": [
								0.324,
								0.324,
								0.5,
								0.168,
								0.68,
								0.316,
								0.708,
								0.5,
								0.612,
								0.612,
								0.5,
								0.72,
								0.42,
								0.576,
								0.264,
								0.5
							]
						},
						"useCollisionPoly": true,
						"duration": 1
					}
				],
				"sid": 670101391423219,
				"name": "Animation 1",
				"isLooping": false,
				"isPingPong": false,
				"repeatCount": 1,
				"repeatTo": 0,
				"speed": 5
			}
		],
		"subfolders": []
	}
}