{
	"name": "Sprite3",
	"plugin-id": "Sprite",
	"sid": 336523865242809,
	"isGlobal": false,
	"instanceVariables": [],
	"behaviorTypes": [],
	"effectTypes": [],
	"animations": {
		"items": [
			{
				"frames": [
					{
						"width": 250,
						"height": 250,
						"originX": 0.5,
						"originY": 0.5,
						"originalSource": "",
						"exportFormat": "png",
						"exportQuality": 0.8,
						"imageSpriteId": 8178480,
						"collisionPoly": {
							"points": [
								0.284,
								0.284,
								0.5,
								0.376,
								0.572,
								0.424,
								0.78,
								0.5,
								0.668,
								0.668,
								0.5,
								0.624,
								0.412,
								0.584,
								0.04,
								0.5
							]
						},
						"useCollisionPoly": true,
						"duration": 1
					}
				],
				"sid": 675768065283825,
				"name": "Animation 1",
				"isLooping": false,
				"isPingPong": false,
				"repeatCount": 1,
				"repeatTo": 0,
				"speed": 5
			}
		],
		"subfolders": []
	}
}