{
	"name": "Walls",
	"plugin-id": "Sprite",
	"sid": 836075639201745,
	"isGlobal": false,
	"instanceVariables": [
		{
			"name": "isWall",
			"type": "boolean",
			"desc": "",
			"sid": 712646782559892
		}
	],
	"behaviorTypes": [
		{
			"behaviorId": "solid",
			"name": "Solid",
			"sid": 904583719724526
		}
	],
	"effectTypes": [],
	"animations": {
		"items": [
			{
				"frames": [
					{
						"width": 250,
						"height": 250,
						"originX": 0.5,
						"originY": 0.5,
						"originalSource": "",
						"exportFormat": "png",
						"exportQuality": 0.8,
						"imageSpriteId": 6176599,
						"useCollisionPoly": true,
						"duration": 1
					}
				],
				"sid": 548416120314262,
				"name": "Animation 1",
				"isLooping": false,
				"isPingPong": false,
				"repeatCount": 1,
				"repeatTo": 0,
				"speed": 5
			}
		],
		"subfolders": []
	}
}