{"propertiesBar":{"properties":[{"name":"About","expanded":true,"children":[]},{"name":"Colors","expanded":true,"children":[]},{"name":"Startup","expanded":true,"children":[]},{"name":"Display","expanded":true,"children":[{"name":"Viewport size","expanded":false,"children":[]}]},{"name":"Advanced","expanded":false,"children":[]},{"name":"Editor","expanded":true,"children":[]}],"scrollPosition":0},"openTabs":{"active":{"name":"Layout 1","type":"layout"},"open":[{"name":"Layout 1","type":"layout"},{"name":"Event sheet 1","type":"eventSheet"}]},"previewEffects":true,"previewBrowser":"default","pauseOnUnfocus":false,"projectBar":{"name":"<root>","children":[{"name":"Project Food","expanded":true,"children":[{"name":"Layouts","expanded":true,"children":[{"name":"Layout 1","expanded":true,"children":[]}]},{"name":"Event sheets","expanded":true,"children":[{"name":"Event sheet 1","expanded":true,"children":[]}]},{"name":"Scripts","expanded":true,"children":[]},{"name":"Object types","expanded":true,"children":[{"name":"Background","expanded":true,"children":[]},{"name":"Ball","expanded":true,"children":[]},{"name":"Block","expanded":true,"children":[]},{"name":"Block10","expanded":true,"children":[]},{"name":"Block11","expanded":true,"children":[]},{"name":"Block12","expanded":true,"children":[]},{"name":"Block13","expanded":true,"children":[]},{"name":"Block2","expanded":true,"children":[]},{"name":"Block3","expanded":true,"children":[]},{"name":"Block4","expanded":true,"children":[]},{"name":"Block5","expanded":true,"children":[]},{"name":"Block6","expanded":true,"children":[]},{"name":"Block7","expanded":true,"children":[]},{"name":"Block8","expanded":true,"children":[]},{"name":"Block9","expanded":true,"children":[]},{"name":"DeathBarrier","expanded":true,"children":[]},{"name":"GoalArea","expanded":true,"children":[]},{"name":"GoalWall","expanded":true,"children":[]},{"name":"GoalWall2","expanded":true,"children":[]},{"name":"LivePoints","expanded":true,"children":[]},{"name":"Lives","expanded":true,"children":[]},{"name":"Mouse","expanded":true,"children":[]},{"name":"Player","expanded":true,"children":[]},{"name":"Sprite","expanded":true,"children":[]},{"name":"Sprite2","expanded":true,"children":[]},{"name":"Sprite3","expanded":true,"children":[]},{"name":"Sprite4","expanded":true,"children":[]},{"name":"Sprite5","expanded":true,"children":[]},{"name":"Sprite6","expanded":true,"children":[]},{"name":"Sprite7","expanded":true,"children":[]},{"name":"text","expanded":true,"children":[]},{"name":"textScore","expanded":true,"children":[]},{"name":"textStreak","expanded":true,"children":[]},{"name":"Walls","expanded":true,"children":[]}]},{"name":"Families","expanded":true,"children":[]},{"name":"Timelines","expanded":true,"children":[{"name":"Eases","expanded":false,"children":[]}]},{"name":"Sounds","expanded":true,"children":[]},{"name":"Music","expanded":true,"children":[]},{"name":"Videos","expanded":true,"children":[]},{"name":"Fonts","expanded":true,"children":[]},{"name":"Icons","expanded":false,"children":[{"name":"icon-128.png","expanded":true,"children":[]},{"name":"icon-16.png","expanded":true,"children":[]},{"name":"icon-256.png","expanded":true,"children":[]},{"name":"icon-32.png","expanded":true,"children":[]},{"name":"icon-512.png","expanded":true,"children":[]},{"name":"icon-64.png","expanded":true,"children":[]},{"name":"loading-logo.png","expanded":true,"children":[]}]},{"name":"Files","expanded":true,"children":[]}]}]},"propertiesBarActiveObject":{"name":"Layout 1","type":"layout"}}