{
	"name": "Event sheet 1",
	"events": [
		{
			"eventType": "block",
			"conditions": [
				{
					"id": "every-tick",
					"objectClass": "System",
					"sid": 477094501470902
				},
				{
					"id": "is-between-values",
					"objectClass": "System",
					"sid": 135755945847845,
					"parameters": {
						"value": "Mouse.X",
						"lower-bound": "8",
						"upper-bound": "591"
					}
				}
			],
			"actions": [
				{
					"id": "set-x",
					"objectClass": "Player",
					"sid": 104087911722449,
					"parameters": {
						"x": "Mouse.X"
					}
				}
			],
			"sid": 873676419836956
		},
		{
			"eventType": "block",
			"conditions": [
				{
					"id": "on-collision-with-another-object",
					"objectClass": "Ball",
					"sid": 988669919380877,
					"parameters": {
						"object": "DeathBarrier"
					}
				}
			],
			"actions": [
				{
					"id": "destroy",
					"objectClass": "Ball",
					"sid": 228695951132370
				},
				{
					"id": "set-instvar-value",
					"objectClass": "textStreak",
					"sid": 789327685711767,
					"parameters": {
						"instance-variable": "varStreak",
						"value": "0"
					}
				},
				{
					"id": "set-text",
					"objectClass": "textStreak",
					"sid": 808202235286514,
					"parameters": {
						"text": "textStreak.varStreak"
					}
				},
				{
					"id": "subtract-from-instvar",
					"objectClass": "LivePoints",
					"sid": 992987960135315,
					"parameters": {
						"instance-variable": "Lives",
						"value": "1"
					}
				},
				{
					"id": "set-text",
					"objectClass": "LivePoints",
					"sid": 890369467141180,
					"parameters": {
						"text": "LivePoints.Lives"
					}
				}
			],
			"sid": 539985813614897
		},
		{
			"eventType": "block",
			"conditions": [
				{
					"id": "on-start-of-layout",
					"objectClass": "System",
					"sid": 254195332164032
				}
			],
			"actions": [
				{
					"id": "set-angle-of-motion",
					"objectClass": "Ball",
					"sid": 929311374090647,
					"behaviorType": "Bullet",
					"parameters": {
						"angle": "random(360)"
					}
				},
				{
					"id": "set-instvar-value",
					"objectClass": "LivePoints",
					"sid": 615022588271870,
					"parameters": {
						"instance-variable": "Lives",
						"value": "3"
					}
				},
				{
					"id": "set-text",
					"objectClass": "LivePoints",
					"sid": 485500828401663,
					"parameters": {
						"text": "LivePoints.Lives"
					}
				}
			],
			"sid": 973536142875618
		},
		{
			"eventType": "block",
			"conditions": [
				{
					"id": "every-tick",
					"objectClass": "System",
					"sid": 367691253397429
				}
			],
			"actions": [],
			"sid": 408180443792852
		},
		{
			"eventType": "block",
			"conditions": [
				{
					"id": "every-x-seconds",
					"objectClass": "System",
					"sid": 341834136575929,
					"parameters": {
						"interval-seconds": "10.0"
					}
				}
			],
			"actions": [
				{
					"id": "create-object",
					"objectClass": "System",
					"sid": 925860316784637,
					"parameters": {
						"object-to-create": "Ball",
						"layer": "0",
						"x": "300",
						"y": "165"
					}
				}
			],
			"sid": 599891586383967
		},
		{
			"eventType": "block",
			"conditions": [
				{
					"id": "on-collision-with-another-object",
					"objectClass": "Ball",
					"sid": 444884790090556,
					"parameters": {
						"object": "GoalArea"
					}
				}
			],
			"actions": [
				{
					"id": "destroy",
					"objectClass": "Ball",
					"sid": 388194761053900
				},
				{
					"id": "add-to-instvar",
					"objectClass": "textScore",
					"sid": 811804113907754,
					"parameters": {
						"instance-variable": "varScore",
						"value": "1"
					}
				},
				{
					"id": "set-text",
					"objectClass": "textScore",
					"sid": 700396041413994,
					"parameters": {
						"text": "textScore.varScore"
					}
				},
				{
					"id": "add-to-instvar",
					"objectClass": "textStreak",
					"sid": 515304217783883,
					"parameters": {
						"instance-variable": "varStreak",
						"value": "1"
					}
				},
				{
					"id": "set-text",
					"objectClass": "textStreak",
					"sid": 347952668407560,
					"parameters": {
						"text": "textStreak.varStreak"
					}
				}
			],
			"sid": 678487977616395
		},
		{
			"eventType": "block",
			"conditions": [
				{
					"id": "compare-instance-variable",
					"objectClass": "textStreak",
					"sid": 586575572593239,
					"parameters": {
						"instance-variable": "varStreak",
						"comparison": 0,
						"value": "0"
					}
				}
			],
			"actions": [
				{
					"id": "set-speed",
					"objectClass": "Ball",
					"sid": 845813256717077,
					"behaviorType": "Bullet",
					"parameters": {
						"speed": "200"
					}
				}
			],
			"sid": 146804189938557
		},
		{
			"eventType": "block",
			"conditions": [
				{
					"id": "compare-instance-variable",
					"objectClass": "textStreak",
					"sid": 959458989176479,
					"parameters": {
						"instance-variable": "varStreak",
						"comparison": 4,
						"value": "5"
					}
				}
			],
			"actions": [
				{
					"id": "set-speed",
					"objectClass": "Ball",
					"sid": 541373137574355,
					"behaviorType": "Bullet",
					"parameters": {
						"speed": "400"
					}
				}
			],
			"sid": 518709885565319
		},
		{
			"eventType": "block",
			"conditions": [
				{
					"id": "compare-instance-variable",
					"objectClass": "textStreak",
					"sid": 380235181145380,
					"parameters": {
						"instance-variable": "varStreak",
						"comparison": 4,
						"value": "10"
					}
				}
			],
			"actions": [
				{
					"id": "set-width",
					"objectClass": "Player",
					"sid": 660598538196865,
					"parameters": {
						"width": "75"
					}
				}
			],
			"sid": 691465275377755
		},
		{
			"eventType": "block",
			"conditions": [
				{
					"id": "compare-instance-variable",
					"objectClass": "textStreak",
					"sid": 457810881371063,
					"parameters": {
						"instance-variable": "varStreak",
						"comparison": 4,
						"value": "15"
					}
				}
			],
			"actions": [
				{
					"id": "set-speed",
					"objectClass": "Ball",
					"sid": 332545375957976,
					"behaviorType": "Bullet",
					"parameters": {
						"speed": "600"
					}
				}
			],
			"sid": 748821352042818
		},
		{
			"eventType": "block",
			"conditions": [
				{
					"id": "compare-instance-variable",
					"objectClass": "textStreak",
					"sid": 730476081085998,
					"parameters": {
						"instance-variable": "varStreak",
						"comparison": 4,
						"value": "20"
					}
				}
			],
			"actions": [
				{
					"id": "set-width",
					"objectClass": "Player",
					"sid": 118785351207297,
					"parameters": {
						"width": "50"
					}
				}
			],
			"sid": 959572157453988
		},
		{
			"eventType": "block",
			"conditions": [
				{
					"id": "compare-instance-variable",
					"objectClass": "textStreak",
					"sid": 182836167578364,
					"parameters": {
						"instance-variable": "varStreak",
						"comparison": 4,
						"value": "25"
					}
				}
			],
			"actions": [
				{
					"id": "set-speed",
					"objectClass": "Ball",
					"sid": 702557605952260,
					"behaviorType": "Bullet",
					"parameters": {
						"speed": "800"
					}
				}
			],
			"sid": 275777484072166
		},
		{
			"eventType": "block",
			"conditions": [
				{
					"id": "compare-instance-variable",
					"objectClass": "LivePoints",
					"sid": 233939902537503,
					"parameters": {
						"instance-variable": "Lives",
						"comparison": 0,
						"value": "0"
					}
				}
			],
			"actions": [
				{
					"id": "set-instvar-value",
					"objectClass": "LivePoints",
					"sid": 324579324166358,
					"parameters": {
						"instance-variable": "Lives",
						"value": "3"
					}
				},
				{
					"id": "set-text",
					"objectClass": "LivePoints",
					"sid": 100016934498633,
					"parameters": {
						"text": "LivePoints.Lives"
					}
				},
				{
					"id": "set-instvar-value",
					"objectClass": "textScore",
					"sid": 727102445155320,
					"parameters": {
						"instance-variable": "varScore",
						"value": "0"
					}
				},
				{
					"id": "set-text",
					"objectClass": "textScore",
					"sid": 686654690055482,
					"parameters": {
						"text": "textScore.varScore"
					}
				},
				{
					"id": "set-instvar-value",
					"objectClass": "textStreak",
					"sid": 320321972425195,
					"parameters": {
						"instance-variable": "varStreak",
						"value": "0"
					}
				},
				{
					"id": "set-text",
					"objectClass": "textStreak",
					"sid": 196798292914576,
					"parameters": {
						"text": "textStreak.varStreak"
					}
				}
			],
			"sid": 375792811955016
		},
		{
			"eventType": "block",
			"conditions": [
				{
					"id": "compare-instance-variable",
					"objectClass": "textStreak",
					"sid": 478001746728626,
					"parameters": {
						"instance-variable": "varStreak",
						"comparison": 0,
						"value": "30"
					}
				}
			],
			"actions": [
				{
					"id": "set-speed",
					"objectClass": "Ball",
					"sid": 577408560784020,
					"behaviorType": "Bullet",
					"parameters": {
						"speed": "200"
					}
				},
				{
					"id": "add-to-instvar",
					"objectClass": "LivePoints",
					"sid": 186499388883361,
					"parameters": {
						"instance-variable": "Lives",
						"value": "1"
					}
				},
				{
					"id": "set-text",
					"objectClass": "LivePoints",
					"sid": 623536445450349,
					"parameters": {
						"text": "LivePoints.Lives"
					}
				},
				{
					"id": "set-instvar-value",
					"objectClass": "textStreak",
					"sid": 363448410388710,
					"parameters": {
						"instance-variable": "varStreak",
						"value": "0"
					}
				},
				{
					"id": "set-instvar-value",
					"objectClass": "textStreak",
					"sid": 420792625444121,
					"parameters": {
						"instance-variable": "varStreak",
						"value": "0"
					}
				},
				{
					"id": "set-text",
					"objectClass": "textStreak",
					"sid": 321191909866068,
					"parameters": {
						"text": "textStreak.varStreak"
					}
				}
			],
			"sid": 341123007957618
		}
	],
	"sid": 587282074195441
}