{
	"name": "Layout 1",
	"layers": [
		{
			"name": "Background",
			"overriden": 0,
			"instances": [
				{
					"type": "Background",
					"properties": {
						"initially-visible": true,
						"initial-animation": "Animation 1",
						"initial-frame": 0,
						"enable-collisions": true,
						"live-preview": false
					},
					"uid": 2,
					"instanceVariables": {},
					"behaviors": {},
					"effects": {
						"Toon": {
							"parameters": {
								"threshold": 0.23800000000000004,
								"levels": 7
							}
						}
					},
					"world": {
						"x": 294.5454545454546,
						"y": 194.15908882834697,
						"width": 618.7454545454543,
						"height": 420.1636363636362,
						"originX": 0.5,
						"originY": 0.5,
						"color": [
							1,
							1,
							1,
							1
						],
						"angle": 0,
						"zElevation": 0
					}
				},
				{
					"type": "text",
					"properties": {
						"text": "Streak:",
						"enable-bbcode": true,
						"font": "Arial",
						"size": 15,
						"line-height": 0,
						"bold": false,
						"italic": false,
						"color": [
							0,
							1,
							0.984313725490196,
							1
						],
						"horizontal-alignment": "left",
						"vertical-alignment": "top",
						"wrapping": "word",
						"initially-visible": true,
						"origin": "top-left"
					},
					"uid": 9,
					"instanceVariables": {},
					"behaviors": {},
					"world": {
						"x": 342.77272727272725,
						"y": 6.363636363636402,
						"width": 60.00000000000006,
						"height": 30,
						"originX": 0,
						"originY": 0,
						"color": [
							1,
							1,
							1,
							1
						],
						"angle": 0,
						"zElevation": 0
					}
				},
				{
					"type": "textStreak",
					"properties": {
						"text": "0",
						"enable-bbcode": true,
						"font": "Arial",
						"size": 15,
						"line-height": 0,
						"bold": false,
						"italic": false,
						"color": [
							0.9019607843137255,
							0,
							0,
							1
						],
						"horizontal-alignment": "left",
						"vertical-alignment": "top",
						"wrapping": "word",
						"initially-visible": true,
						"origin": "top-left"
					},
					"uid": 19,
					"instanceVariables": {
						"varStreak": 0
					},
					"behaviors": {},
					"world": {
						"x": 407.31818181818187,
						"y": 7.2727272727272805,
						"width": 29.999999999999886,
						"height": 26.363636363636374,
						"originX": 0,
						"originY": 0,
						"color": [
							1,
							1,
							1,
							1
						],
						"angle": 0,
						"zElevation": 0
					}
				},
				{
					"type": "Lives",
					"properties": {
						"text": "Lives:",
						"enable-bbcode": true,
						"font": "Arial",
						"size": 15,
						"line-height": 0,
						"bold": false,
						"italic": false,
						"color": [
							0.10980392156862745,
							0.9333333333333333,
							0.9490196078431372,
							1
						],
						"horizontal-alignment": "left",
						"vertical-alignment": "top",
						"wrapping": "word",
						"initially-visible": true,
						"origin": "top-left"
					},
					"uid": 20,
					"instanceVariables": {},
					"behaviors": {},
					"world": {
						"x": 224.59090909090912,
						"y": 3.0227251919833122,
						"width": 60.00000000000006,
						"height": 30,
						"originX": 0,
						"originY": 0,
						"color": [
							1,
							1,
							1,
							1
						],
						"angle": 0,
						"zElevation": 0
					}
				},
				{
					"type": "LivePoints",
					"properties": {
						"text": "0",
						"enable-bbcode": true,
						"font": "Arial",
						"size": 15,
						"line-height": 0,
						"bold": false,
						"italic": false,
						"color": [
							0.9411764705882353,
							0,
							0,
							1
						],
						"horizontal-alignment": "left",
						"vertical-alignment": "top",
						"wrapping": "word",
						"initially-visible": true,
						"origin": "top-left"
					},
					"uid": 21,
					"instanceVariables": {
						"varScore": 0,
						"Lives": 3
					},
					"behaviors": {},
					"world": {
						"x": 284.59090909090907,
						"y": 3.9318161010742188,
						"width": 29.090909090909122,
						"height": 30,
						"originX": 0,
						"originY": 0,
						"color": [
							1,
							1,
							1,
							1
						],
						"angle": 0,
						"zElevation": 0
					}
				}
			],
			"sid": 171991067587907,
			"effectTypes": [],
			"isInitiallyVisible": true,
			"color": [
				1,
				1,
				1,
				1
			],
			"backgroundColor": [
				1,
				1,
				1,
				1
			],
			"isTransparent": false,
			"parallaxX": 1,
			"parallaxY": 1,
			"scaleRate": 1,
			"forceOwnTexture": false,
			"useRenderCells": false,
			"blendMode": "normal",
			"global": false
		},
		{
			"name": "Game",
			"overriden": 0,
			"instances": [
				{
					"type": "GoalArea",
					"properties": {
						"initially-visible": true,
						"initial-animation": "Animation 1",
						"initial-frame": 0,
						"enable-collisions": true,
						"live-preview": false
					},
					"uid": 16,
					"instanceVariables": {},
					"behaviors": {},
					"world": {
						"x": 540.8399952213568,
						"y": 33.49605891363841,
						"width": 79.3541783808512,
						"height": 104.23709542174387,
						"originX": 0.5,
						"originY": 0.5,
						"color": [
							1,
							1,
							1,
							1
						],
						"angle": 1.5954224015949656,
						"zElevation": 0
					}
				},
				{
					"type": "GoalArea",
					"properties": {
						"initially-visible": true,
						"initial-animation": "Animation 1",
						"initial-frame": 0,
						"enable-collisions": true,
						"live-preview": false
					},
					"uid": 15,
					"instanceVariables": {},
					"behaviors": {},
					"world": {
						"x": 61.55415557651097,
						"y": 33.08273758841591,
						"width": 80.89160285843373,
						"height": 88.12843948609134,
						"originX": 0.5,
						"originY": 0.5,
						"color": [
							1,
							1,
							1,
							1
						],
						"angle": 1.5498311145313561,
						"zElevation": 0
					}
				},
				{
					"type": "Player",
					"properties": {
						"initially-visible": true,
						"initial-animation": "Animation 1",
						"initial-frame": 0,
						"enable-collisions": true,
						"live-preview": false
					},
					"uid": 3,
					"instanceVariables": {},
					"behaviors": {
						"Solid": {
							"properties": {
								"enabled": true,
								"tags": ""
							}
						},
						"BoundToLayout": {
							"properties": {
								"bound-by": "edge"
							}
						}
					},
					"world": {
						"x": 348,
						"y": 373.5,
						"width": 130.33333333333334,
						"height": 119.66666666666666,
						"originX": 0.5,
						"originY": 0.5,
						"color": [
							1,
							1,
							1,
							1
						],
						"angle": 0,
						"zElevation": 0
					}
				},
				{
					"type": "Ball",
					"properties": {
						"initially-visible": true,
						"initial-animation": "Animation 1",
						"initial-frame": 0,
						"enable-collisions": true,
						"live-preview": false
					},
					"uid": 4,
					"instanceVariables": {},
					"behaviors": {
						"Solid": {
							"properties": {
								"enabled": true,
								"tags": ""
							}
						},
						"Bullet": {
							"properties": {
								"speed": 400,
								"acceleration": 0,
								"gravity": 0,
								"bounce-off-solids": true,
								"set-angle": false,
								"step": false,
								"enabled": true
							}
						},
						"BoundToLayout": {
							"properties": {
								"bound-by": "edge"
							}
						}
					},
					"world": {
						"x": 196,
						"y": 161,
						"width": 41.20803212851406,
						"height": 31.550354838709676,
						"originX": 0.5001493577616251,
						"originY": 0.4369070208728653,
						"color": [
							1,
							1,
							1,
							1
						],
						"angle": 0,
						"zElevation": 0
					}
				},
				{
					"type": "DeathBarrier",
					"properties": {
						"initially-visible": true,
						"initial-animation": "Animation 1",
						"initial-frame": 0,
						"enable-collisions": true,
						"live-preview": false
					},
					"uid": 11,
					"instanceVariables": {},
					"behaviors": {},
					"world": {
						"x": 296.3636363636364,
						"y": 401.8636363636365,
						"width": 604.5454545454545,
						"height": 10,
						"originX": 0.5,
						"originY": 0.5,
						"color": [
							1,
							1,
							1,
							1
						],
						"angle": 0,
						"zElevation": 0
					}
				},
				{
					"type": "Walls",
					"properties": {
						"initially-visible": true,
						"initial-animation": "Animation 1",
						"initial-frame": 0,
						"enable-collisions": true,
						"live-preview": false
					},
					"uid": 12,
					"instanceVariables": {
						"isWall": true
					},
					"behaviors": {
						"Solid": {
							"properties": {
								"enabled": true,
								"tags": ""
							}
						}
					},
					"world": {
						"x": -1.8181818181817562,
						"y": 192.3181818181818,
						"width": 17.27272727272731,
						"height": 423.6363636363636,
						"originX": 0.5,
						"originY": 0.5,
						"color": [
							1,
							1,
							1,
							1
						],
						"angle": 0,
						"zElevation": 0
					}
				},
				{
					"type": "Walls",
					"properties": {
						"initially-visible": true,
						"initial-animation": "Animation 1",
						"initial-frame": 0,
						"enable-collisions": true,
						"live-preview": false
					},
					"uid": 13,
					"instanceVariables": {
						"isWall": true
					},
					"behaviors": {
						"Solid": {
							"properties": {
								"enabled": true,
								"tags": ""
							}
						}
					},
					"world": {
						"x": 603.6363636363637,
						"y": 195.50000000000006,
						"width": 17.27272727272731,
						"height": 423.6363636363636,
						"originX": 0.5,
						"originY": 0.5,
						"color": [
							1,
							1,
							1,
							1
						],
						"angle": 0,
						"zElevation": 0
					}
				},
				{
					"type": "Walls",
					"properties": {
						"initially-visible": true,
						"initial-animation": "Animation 1",
						"initial-frame": 0,
						"enable-collisions": true,
						"live-preview": false
					},
					"uid": 14,
					"instanceVariables": {
						"isWall": true
					},
					"behaviors": {
						"Solid": {
							"properties": {
								"enabled": true,
								"tags": ""
							}
						}
					},
					"world": {
						"x": 300.90909090909105,
						"y": -2.2272727272727195,
						"width": 633.6363636363634,
						"height": 15.454545454545496,
						"originX": 0.5,
						"originY": 0.5,
						"color": [
							1,
							1,
							1,
							1
						],
						"angle": 0,
						"zElevation": 0
					}
				},
				{
					"type": "textScore",
					"properties": {
						"text": "0",
						"enable-bbcode": true,
						"font": "Arial",
						"size": 15,
						"line-height": 0,
						"bold": false,
						"italic": false,
						"color": [
							1,
							0,
							0,
							1
						],
						"horizontal-alignment": "left",
						"vertical-alignment": "top",
						"wrapping": "word",
						"initially-visible": true,
						"origin": "top-left"
					},
					"uid": 17,
					"instanceVariables": {
						"varScore": 0
					},
					"behaviors": {},
					"world": {
						"x": 194.59090909090912,
						"y": 4.545454545454476,
						"width": 29.090909090909122,
						"height": 30,
						"originX": 0,
						"originY": 0,
						"color": [
							1,
							1,
							1,
							1
						],
						"angle": 0,
						"zElevation": 0
					}
				},
				{
					"type": "text",
					"properties": {
						"text": "Score:",
						"enable-bbcode": true,
						"font": "Arial",
						"size": 15,
						"line-height": 0,
						"bold": false,
						"italic": false,
						"color": [
							0,
							1,
							0.984313725490196,
							1
						],
						"horizontal-alignment": "left",
						"vertical-alignment": "top",
						"wrapping": "word",
						"initially-visible": true,
						"origin": "top-left"
					},
					"uid": 18,
					"instanceVariables": {},
					"behaviors": {},
					"world": {
						"x": 129.1363636363637,
						"y": 3.636363636363626,
						"width": 60.00000000000006,
						"height": 30,
						"originX": 0,
						"originY": 0,
						"color": [
							1,
							1,
							1,
							1
						],
						"angle": 0,
						"zElevation": 0
					}
				},
				{
					"type": "Sprite2",
					"properties": {
						"initially-visible": true,
						"initial-animation": "Animation 1",
						"initial-frame": 0,
						"enable-collisions": true,
						"live-preview": false
					},
					"uid": 22,
					"instanceVariables": {},
					"behaviors": {},
					"world": {
						"x": -302.6818181818181,
						"y": -92.72727272727266,
						"width": 250,
						"height": 250,
						"originX": 0.5,
						"originY": 0.5,
						"color": [
							1,
							1,
							1,
							1
						],
						"angle": 0,
						"zElevation": 0
					}
				},
				{
					"type": "Sprite3",
					"properties": {
						"initially-visible": true,
						"initial-animation": "Animation 1",
						"initial-frame": 0,
						"enable-collisions": true,
						"live-preview": false
					},
					"uid": 23,
					"instanceVariables": {},
					"behaviors": {},
					"world": {
						"x": -362.6818181818182,
						"y": 28.18181818181813,
						"width": 250,
						"height": 250,
						"originX": 0.5,
						"originY": 0.5,
						"color": [
							1,
							1,
							1,
							1
						],
						"angle": 0,
						"zElevation": 0
					}
				},
				{
					"type": "Sprite4",
					"properties": {
						"initially-visible": true,
						"initial-animation": "Animation 1",
						"initial-frame": 0,
						"enable-collisions": true,
						"live-preview": false
					},
					"uid": 24,
					"instanceVariables": {},
					"behaviors": {},
					"world": {
						"x": -120.86363636363632,
						"y": -120.90909090909093,
						"width": 250,
						"height": 250,
						"originX": 0.5,
						"originY": 0.5,
						"color": [
							1,
							1,
							1,
							1
						],
						"angle": 0,
						"zElevation": 0
					}
				},
				{
					"type": "Sprite5",
					"properties": {
						"initially-visible": true,
						"initial-animation": "Animation 1",
						"initial-frame": 0,
						"enable-collisions": true,
						"live-preview": false
					},
					"uid": 25,
					"instanceVariables": {},
					"behaviors": {},
					"world": {
						"x": -47.22727272727269,
						"y": -127.27272727272725,
						"width": 250,
						"height": 250,
						"originX": 0.5,
						"originY": 0.5,
						"color": [
							1,
							1,
							1,
							1
						],
						"angle": 0,
						"zElevation": 0
					}
				},
				{
					"type": "Sprite6",
					"properties": {
						"initially-visible": true,
						"initial-animation": "Animation 1",
						"initial-frame": 0,
						"enable-collisions": true,
						"live-preview": false
					},
					"uid": 26,
					"instanceVariables": {},
					"behaviors": {},
					"world": {
						"x": 20.954545454545496,
						"y": -137.27272727272717,
						"width": 250,
						"height": 250,
						"originX": 0.5,
						"originY": 0.5,
						"color": [
							1,
							1,
							1,
							1
						],
						"angle": 0,
						"zElevation": 0
					}
				},
				{
					"type": "Block",
					"properties": {
						"initially-visible": true,
						"initial-animation": "Animation 1",
						"initial-frame": 0,
						"enable-collisions": true,
						"live-preview": false
					},
					"uid": 5,
					"instanceVariables": {},
					"behaviors": {
						"Solid": {
							"properties": {
								"enabled": true,
								"tags": ""
							}
						}
					},
					"world": {
						"x": 554,
						"y": 146,
						"width": 107,
						"height": 36,
						"originX": 0.5,
						"originY": 0.5,
						"color": [
							1,
							1,
							1,
							1
						],
						"angle": 1.218246675599303,
						"zElevation": 0
					}
				},
				{
					"type": "Block8",
					"properties": {
						"initially-visible": true,
						"initial-animation": "Animation 1",
						"initial-frame": 0,
						"enable-collisions": true,
						"live-preview": false
					},
					"uid": 6,
					"instanceVariables": {},
					"behaviors": {
						"Solid": {
							"properties": {
								"enabled": true,
								"tags": ""
							}
						}
					},
					"world": {
						"x": 42,
						"y": 147,
						"width": 107,
						"height": 36,
						"originX": 0.5,
						"originY": 0.5,
						"color": [
							1,
							1,
							1,
							1
						],
						"angle": 2.026283293463112,
						"zElevation": 0
					}
				},
				{
					"type": "Block12",
					"properties": {
						"initially-visible": true,
						"initial-animation": "Animation 1",
						"initial-frame": 0,
						"enable-collisions": true,
						"live-preview": false
					},
					"uid": 8,
					"instanceVariables": {},
					"behaviors": {
						"Solid": {
							"properties": {
								"enabled": true,
								"tags": ""
							}
						}
					},
					"world": {
						"x": 266,
						"y": 103.5,
						"width": 78.86333874793979,
						"height": 27.436805877079863,
						"originX": 0.5,
						"originY": 0.5,
						"color": [
							1,
							1,
							1,
							1
						],
						"angle": 3.1260307355107506,
						"zElevation": 0
					}
				}
			],
			"sid": 404003492703023,
			"effectTypes": [],
			"isInitiallyVisible": true,
			"color": [
				1,
				1,
				1,
				1
			],
			"backgroundColor": [
				0,
				0,
				0,
				1
			],
			"isTransparent": true,
			"parallaxX": 1,
			"parallaxY": 1,
			"scaleRate": 1,
			"forceOwnTexture": false,
			"useRenderCells": false,
			"blendMode": "normal",
			"global": false
		}
	],
	"sid": 668101849060758,
	"nonworld-instances": [],
	"effectTypes": [],
	"width": 600,
	"height": 400,
	"unboundedScrolling": false,
	"eventSheet": "Event sheet 1"
}